Member_ID,Member_NAME,Member_URL
SEFA_M0,Mohamad Nazri Abd Karim,https://pureportal.coventry.ac.uk/en/persons/mohamad-nazri-abd-karim
SEFA_M1,Ahmad Abras,https://pureportal.coventry.ac.uk/en/persons/ahmad-abras
SEFA_M2,Mohammed Aderemi Adepoju,https://pureportal.coventry.ac.uk/en/persons/mohammed-aderemi-adepoju
SEFA_M3,Frank Adom,https://pureportal.coventry.ac.uk/en/persons/frank-adom
SEFA_M4,Dami Agbato,https://pureportal.coventry.ac.uk/en/persons/dami-agbato
SEFA_M5,Daniel Aghanya,https://pureportal.coventry.ac.uk/en/persons/daniel-aghanya
SEFA_M6,Abel Agoba,https://pureportal.coventry.ac.uk/en/persons/abel-agoba
SEFA_M7,Hany Ahmed,https://pureportal.coventry.ac.uk/en/persons/hany-ahmed
SEFA_M8,Olubunmi Ajala,https://pureportal.coventry.ac.uk/en/persons/olubunmi-ajala
SEFA_M9,Sule Akkoyunlu,https://pureportal.coventry.ac.uk/en/persons/sule-akkoyunlu
SEFA_M10,George Akomas,https://pureportal.coventry.ac.uk/en/persons/george-akomas
SEFA_M11,Samir Alamad,https://pureportal.coventry.ac.uk/en/persons/samir-alamad
SEFA_M12,Salem Alhababsah,https://pureportal.coventry.ac.uk/en/persons/salem-alhababsah
SEFA_M13,Alaa Alhaj Ismail,https://pureportal.coventry.ac.uk/en/persons/alaa-alhaj-ismail
SEFA_M14,Ibrahim Alkhataybeh,https://pureportal.coventry.ac.uk/en/persons/ibrahim-alkhataybeh
SEFA_M15,Tariq Al Montaser,https://pureportal.coventry.ac.uk/en/persons/tariq-al-montaser
SEFA_M16,Loai Alsaid,https://pureportal.coventry.ac.uk/en/persons/loai-alsaid
SEFA_M17,Marwan Alssadek,https://pureportal.coventry.ac.uk/en/persons/marwan-alssadek
SEFA_M18,Adnan Aslam,https://pureportal.coventry.ac.uk/en/persons/adnan-aslam
SEFA_M19,Haseeb Ayaz,https://pureportal.coventry.ac.uk/en/persons/haseeb-ayaz
SEFA_M20,Zaneta Azuma,https://pureportal.coventry.ac.uk/en/persons/zaneta-azuma
SEFA_M21,Ken Baldwin,https://pureportal.coventry.ac.uk/en/persons/ken-baldwin
SEFA_M22,Shadi Bani Hani,https://pureportal.coventry.ac.uk/en/persons/shadi-bani-hani
SEFA_M23,Kate Barnett-Richards,https://pureportal.coventry.ac.uk/en/persons/kate-barnett-richards-2
SEFA_M24,Jaliyyah Bello,https://pureportal.coventry.ac.uk/en/persons/jaliyyah-bello
SEFA_M25,Tinashe Bvirindi,https://pureportal.coventry.ac.uk/en/persons/tinashe-bvirindi
SEFA_M26,Junyuan Chen,https://pureportal.coventry.ac.uk/en/persons/junyuan-chen
SEFA_M27,Yan Cheng Cheng,https://pureportal.coventry.ac.uk/en/persons/yan-cheng-cheng
SEFA_M28,Mehul Chhatbar,https://pureportal.coventry.ac.uk/en/persons/mehul-chhatbar
SEFA_M29,Francis Darko,https://pureportal.coventry.ac.uk/en/persons/francis-darko
SEFA_M30,Alloysius Egbulonu,https://pureportal.coventry.ac.uk/en/persons/alloysius-egbulonu
SEFA_M31,Ibrahim Elmghaamez,https://pureportal.coventry.ac.uk/en/persons/ibrahim-elmghaamez
SEFA_M32,John Ayuk Enombu,https://pureportal.coventry.ac.uk/en/persons/john-ayuk-enombu
SEFA_M33,Rashedul Hasan,https://pureportal.coventry.ac.uk/en/persons/rashedul-hasan
SEFA_M34,Chenyang He,https://pureportal.coventry.ac.uk/en/persons/chenyang-he
SEFA_M35,Mehtap Hisarciklilar,https://pureportal.coventry.ac.uk/en/persons/mehtap-hisarciklilar
SEFA_M36,Mark Holmes,https://pureportal.coventry.ac.uk/en/persons/mark-holmes
SEFA_M37,Simon Horsman,https://pureportal.coventry.ac.uk/en/persons/simon-horsman
SEFA_M38,Mehdi Hosseini,https://pureportal.coventry.ac.uk/en/persons/mehdi-hosseini
SEFA_M39,Rumana Huq,https://pureportal.coventry.ac.uk/en/persons/rumana-huq
SEFA_M40,Simon Huston,https://pureportal.coventry.ac.uk/en/persons/simon-huston
SEFA_M41,Masud Ibrahim,https://pureportal.coventry.ac.uk/en/persons/masud-ibrahim
SEFA_M42,Shahrukh Irfan,https://pureportal.coventry.ac.uk/en/persons/shahrukh-irfan
SEFA_M43,Didarul Islam,https://pureportal.coventry.ac.uk/en/persons/didarul-islam
SEFA_M44,Afusat Jaiyeola,https://pureportal.coventry.ac.uk/en/persons/afusat-jaiyeola
SEFA_M45,Judith Kabajulizi,https://pureportal.coventry.ac.uk/en/persons/judith-kabajulizi
SEFA_M46,Sarkar Kabir,https://pureportal.coventry.ac.uk/en/persons/sarkar-kabir
SEFA_M47,Chomba Kalunga,https://pureportal.coventry.ac.uk/en/persons/chomba-kalunga
SEFA_M48,Mahbub Khan,https://pureportal.coventry.ac.uk/en/persons/mahbub-khan
SEFA_M49,Yelena Khegay,https://pureportal.coventry.ac.uk/en/persons/yelena-khegay
SEFA_M50,Amir Khorasgani,https://pureportal.coventry.ac.uk/en/persons/amir-khorasgani
SEFA_M51,Eliana Lauretta,https://pureportal.coventry.ac.uk/en/persons/eliana-lauretta
SEFA_M52,Viet Le,https://pureportal.coventry.ac.uk/en/persons/viet-le
SEFA_M53,Pak-Yee Lee,https://pureportal.coventry.ac.uk/en/persons/pakyee-lee
SEFA_M54,Mingchen Li,https://pureportal.coventry.ac.uk/en/persons/mingchen-li
SEFA_M55,Hailin Liao,https://pureportal.coventry.ac.uk/en/persons/hailin-liao
SEFA_M56,Piotr Lis,https://pureportal.coventry.ac.uk/en/persons/piotr-lis
SEFA_M57,Lien Luu,https://pureportal.coventry.ac.uk/en/persons/lien-luu
SEFA_M58,Philip McCosker,https://pureportal.coventry.ac.uk/en/persons/philip-mccosker
SEFA_M59,Mohammad Khaleq Newaz,https://pureportal.coventry.ac.uk/en/persons/mohammad-khaleq-newaz
SEFA_M60,Thai Nguyen,https://pureportal.coventry.ac.uk/en/persons/thai-nguyen
SEFA_M61,Abdurafiu Noah,https://pureportal.coventry.ac.uk/en/persons/abdurafiu-noah
SEFA_M62,Isaiah Oino,https://pureportal.coventry.ac.uk/en/persons/isaiah-oino
SEFA_M63,Magret Olarewaju,https://pureportal.coventry.ac.uk/en/persons/magret-olarewaju
SEFA_M64,Hildebrando Pahula,https://pureportal.coventry.ac.uk/en/persons/hildebrando-pahula-2
SEFA_M65,Styliani (Elina) Panetsidou,https://pureportal.coventry.ac.uk/en/persons/styliani-elina-panetsidou
SEFA_M66,Pythagoras Petratos,https://pureportal.coventry.ac.uk/en/persons/pythagoras-petratos
SEFA_M67,Cagatay Piskin,https://pureportal.coventry.ac.uk/en/persons/cagatay-piskin
SEFA_M68,Hafiz Rahmani Rahmani,https://pureportal.coventry.ac.uk/en/persons/hafiz-rahmani-rahmani
SEFA_M69,Matthew Robertson,https://pureportal.coventry.ac.uk/en/persons/matthew-robertson
SEFA_M70,Nikitha Rohith,https://pureportal.coventry.ac.uk/en/persons/nikitha-rohith
SEFA_M71,Graham Sadler,https://pureportal.coventry.ac.uk/en/persons/graham-sadler
SEFA_M72,Ahmed Saleh,https://pureportal.coventry.ac.uk/en/persons/ahmed-saleh
SEFA_M73,Daniel Santamaria,https://pureportal.coventry.ac.uk/en/persons/daniel-santamaria
SEFA_M74,Nikhil Sapre,https://pureportal.coventry.ac.uk/en/persons/nikhil-sapre
SEFA_M75,Dimitris Serenis,https://pureportal.coventry.ac.uk/en/persons/dimitris-serenis
SEFA_M76,Faisal Shahzad,https://pureportal.coventry.ac.uk/en/persons/faisal-shahzad
SEFA_M77,Akin Sharimakin,https://pureportal.coventry.ac.uk/en/persons/akin-sharimakin
SEFA_M78,Randy Silvers,https://pureportal.coventry.ac.uk/en/persons/randy-silvers
SEFA_M79,Wei Song,https://pureportal.coventry.ac.uk/en/persons/wei-song
SEFA_M80,Tharaa Subramaniam,https://pureportal.coventry.ac.uk/en/persons/tharaa-subramaniam
SEFA_M81,Peng Sui,https://pureportal.coventry.ac.uk/en/persons/peng-sui
SEFA_M82,Angelos Synapis,https://pureportal.coventry.ac.uk/en/persons/angelos-synapis
SEFA_M83,Sailesh Tanna,https://pureportal.coventry.ac.uk/en/persons/sailesh-tanna
SEFA_M84,McFoster Tembo,https://pureportal.coventry.ac.uk/en/persons/mcfoster-tembo-2
SEFA_M85,Uchenna Tony-Okeke,https://pureportal.coventry.ac.uk/en/persons/uchenna-tony-okeke
SEFA_M86,"Ejike Udeogu, SFHEA",https://pureportal.coventry.ac.uk/en/persons/ejike-udeogu
SEFA_M87,Obinna Ugwu,https://pureportal.coventry.ac.uk/en/persons/obinna-ugwu-2
SEFA_M88,Hafij Ullah,https://pureportal.coventry.ac.uk/en/persons/hafij-ullah
SEFA_M89,Ahmed Usman,https://pureportal.coventry.ac.uk/en/persons/ahmed-usman
SEFA_M90,Jun Wang,https://pureportal.coventry.ac.uk/en/persons/jun-wang
SEFA_M91,Torri Wang,https://pureportal.coventry.ac.uk/en/persons/tori-wang
SEFA_M92,Sandar Win,https://pureportal.coventry.ac.uk/en/persons/sandar-win
SEFA_M93,Alain Wouassom,https://pureportal.coventry.ac.uk/en/persons/alain-wouassom
SEFA_M94,Di Xiao,https://pureportal.coventry.ac.uk/en/persons/di-xiao
SEFA_M95,Suiwu Xiao,https://pureportal.coventry.ac.uk/en/persons/suiwu-xiao
SEFA_M96,Boying Xu,https://pureportal.coventry.ac.uk/en/persons/boying-xu
SEFA_M97,Mei Yu,https://pureportal.coventry.ac.uk/en/persons/mei-yu
SEFA_M98,Alireza Zarei,https://pureportal.coventry.ac.uk/en/persons/alireza-zarei
